,year,month,temperature
77333,1850,8,24.176
77334,1850,9,24.551
77335,1850,10,24.468000000000004
77336,1850,11,24.604
77337,1850,12,24.643
77338,1851,1,25.414
77339,1851,2,25.06
77340,1851,3,24.234
77341,1851,4,24.004
77342,1851,5,23.567
77343,1851,6,23.046
77344,1851,7,23.617
77345,1851,8,24.073
77346,1851,9,24.492
77347,1851,10,25.073
77348,1851,11,24.642
77349,1851,12,24.886
77350,1852,1,25.197000000000006
77351,1852,2,24.767000000000003
77352,1852,3,24.331
77353,1852,4,24.065
77354,1852,5,23.972
77355,1852,6,23.099
77356,1852,7,23.45
77357,1852,8,23.673
77358,1852,9,24.553
77359,1852,10,24.888
77360,1852,11,24.708
77361,1852,12,25.616
77362,1853,1,24.939
77363,1853,2,24.372
77364,1853,3,24.239
77365,1853,4,24.245
77366,1853,5,23.578000000000003
77367,1853,6,23.132
77368,1853,7,23.654
77369,1853,8,24.433000000000003
77370,1853,9,24.951
77371,1853,10,24.934
77372,1853,11,24.989
77373,1853,12,24.977
77374,1854,1,24.274
77375,1854,2,24.47300000000001
77376,1854,3,24.639
77377,1854,4,24.358
77378,1854,5,23.77
77379,1854,6,22.982000000000006
77380,1854,7,23.648000000000003
77381,1854,8,24.227
77382,1854,9,24.818
77383,1854,10,25.929
77384,1854,11,25.276
77385,1854,12,25.187
77386,1855,1,25.844
77387,1855,2,25.430000000000003
77388,1855,3,24.982
77389,1855,4,24.989
77390,1855,5,24.067
77391,1855,6,23.189
77392,1855,7,23.147
77393,1855,8,24.175
77394,1855,9,24.49
77395,1855,10,24.815
77396,1855,11,24.941
77397,1855,12,23.822
77398,1856,1,24.926
77399,1856,2,24.198
77400,1856,3,24.147
77401,1856,4,24.226
77402,1856,5,23.241
77403,1856,6,23.182
77404,1856,7,22.882
77405,1856,8,23.408
77406,1856,9,23.959
77407,1856,10,24.162
77408,1856,11,24.698
77409,1856,12,24.554
77410,1857,1,24.642000000000003
77411,1857,2,24.649
77412,1857,3,24.369
77413,1857,4,22.976
77414,1857,5,22.834
77415,1857,6,22.66
77416,1857,7,23.191
77417,1857,8,23.516
77418,1857,9,24.231
77419,1857,10,24.58
77420,1857,11,25.263
77421,1857,12,25.253
77422,1858,1,25.207
77423,1858,2,24.626
77424,1858,3,24.726
77425,1858,4,24.397
77426,1858,5,23.707
77427,1858,6,22.481
77428,1858,7,22.399
77429,1858,8,23.519
77430,1858,9,23.77
77431,1858,10,24.339
77432,1858,11,24.994
77433,1858,12,23.719
77434,1859,1,24.494
77435,1859,2,24.62
77436,1859,3,25.323
77437,1859,4,25.183000000000003
77438,1859,5,24.019
77439,1859,6,23.053
77440,1859,7,22.819000000000003
77441,1859,8,23.509
77442,1859,9,24.343000000000004
77443,1859,10,25.246
77444,1859,11,25.119
77445,1859,12,24.688
77446,1860,1,24.985000000000007
77447,1860,2,24.706000000000003
77448,1860,3,23.924
77449,1860,4,24.33
77450,1860,5,23.663
77451,1860,6,23.4
77452,1860,7,23.608
77453,1860,8,24.952
77454,1860,9,25.576
77455,1860,10,25.491
77456,1860,11,24.61
77457,1860,12,23.798
77458,1861,1,23.729000000000006
77459,1861,2,24.65
77460,1861,3,24.551
77461,1861,4,24.401
77462,1861,5,23.438
77463,1861,6,22.688
77464,1861,7,22.614
77465,1861,8,24.46
77466,1861,9,24.614
77467,1861,10,24.56
77468,1861,11,25.019
77469,1861,12,24.497
77470,1862,1,23.81600000000001
77471,1862,2,24.105
77472,1862,3,24.562
77473,1862,4,24.09800000000001
77474,1862,5,24.01
77475,1862,6,22.986
77476,1862,7,22.665
77477,1862,8,23.336
77478,1862,9,23.994
77479,1862,10,24.849
77480,1862,11,24.639
77481,1862,12,24.031
77482,1863,1,25.765
77483,1863,2,25.12
77484,1863,3,24.486
77485,1863,4,24.485
77486,1863,5,23.531
77487,1863,6,23.021
77488,1863,7,22.836
77489,1863,8,23.416
77490,1863,9,24.019
77491,1863,10,24.41200000000001
77492,1863,11,24.625
77493,1863,12,24.606
77494,1864,1,24.404000000000003
77495,1864,2,24.534
77496,1864,3,24.348000000000003
77497,1864,4,23.999
77498,1864,5,23.832
77499,1864,6,23.12
77500,1864,7,23.105
77501,1864,8,23.62
77502,1864,9,24.663
77503,1864,10,24.887
77504,1864,11,24.758000000000003
77505,1864,12,24.307
77506,1865,1,25.519
77507,1865,2,24.144
77508,1865,3,23.916
77509,1865,4,23.861
77510,1865,5,23.61
77511,1865,6,23.188
77512,1865,7,23.146
77513,1865,8,23.89
77514,1865,9,24.599
77515,1865,10,25.108
77516,1865,11,25.363000000000003
77517,1865,12,24.428
77518,1866,1,25.42
77519,1866,2,24.175
77520,1866,3,24.146
77521,1866,4,24.117
77522,1866,5,23.757
77523,1866,6,22.617
77524,1866,7,23.553
77525,1866,8,24.108
77526,1866,9,24.916
77527,1866,10,24.62
77528,1866,11,25.267
77529,1866,12,25.368
77530,1867,1,24.733
77531,1867,2,24.676
77532,1867,3,24.362
77533,1867,4,24.51
77534,1867,5,23.575
77535,1867,6,23.266
77536,1867,7,23.198
77537,1867,8,24.157
77538,1867,9,24.904
77539,1867,10,25.149
77540,1867,11,25.82
77541,1867,12,25.569000000000003
77542,1868,1,24.988000000000003
77543,1868,2,24.389000000000006
77544,1868,3,24.745
77545,1868,4,24.225
77546,1868,5,24.036
77547,1868,6,23.522
77548,1868,7,23.806
77549,1868,8,24.444000000000003
77550,1868,9,25.07
77551,1868,10,25.725
77552,1868,11,25.127
77553,1868,12,25.248
77554,1869,1,25.354000000000006
77555,1869,2,25.748
77556,1869,3,24.627
77557,1869,4,24.684
77558,1869,5,24.6
77559,1869,6,23.747
77560,1869,7,23.49
77561,1869,8,24.31
77562,1869,9,25.298
77563,1869,10,25.172
77564,1869,11,25.304
77565,1869,12,24.634
77566,1870,1,24.98
77567,1870,2,24.718000000000004
77568,1870,3,24.704
77569,1870,4,24.293000000000003
77570,1870,5,24.196
77571,1870,6,23.692
77572,1870,7,23.705
77573,1870,8,23.995
77574,1870,9,24.918000000000003
77575,1870,10,25.607
77576,1870,11,25.194000000000003
77577,1870,12,24.518
77578,1871,1,24.768
77579,1871,2,24.5
77580,1871,3,25.078000000000003
77581,1871,4,24.716
77582,1871,5,23.682
77583,1871,6,23.034
77584,1871,7,23.122
77585,1871,8,24.328000000000003
77586,1871,9,24.887
77587,1871,10,25.423
77588,1871,11,24.825
77589,1871,12,24.874
77590,1872,1,25.047
77591,1872,2,24.97300000000001
77592,1872,3,25.045
77593,1872,4,24.043000000000003
77594,1872,5,23.663
77595,1872,6,22.823
77596,1872,7,23.083
77597,1872,8,24.289
77598,1872,9,25.347
77599,1872,10,25.344
77600,1872,11,25.007
77601,1872,12,24.565
77602,1873,1,25.317
77603,1873,2,25.371
77604,1873,3,24.645
77605,1873,4,24.249
77606,1873,5,24.653
77607,1873,6,23.829
77608,1873,7,23.416
77609,1873,8,24.553
77610,1873,9,24.987
77611,1873,10,25.373
77612,1873,11,25.142
77613,1873,12,25.366
77614,1874,1,25.137
77615,1874,2,25.024
77616,1874,3,24.483
77617,1874,4,24.446
77618,1874,5,23.659
77619,1874,6,23.114
77620,1874,7,23.057
77621,1874,8,24.017
77622,1874,9,25.163
77623,1874,10,25.155
77624,1874,11,24.727
77625,1874,12,24.622
77626,1875,1,24.375
77627,1875,2,24.527
77628,1875,3,23.987
77629,1875,4,23.844
77630,1875,5,23.407
77631,1875,6,22.525
77632,1875,7,22.75
77633,1875,8,23.346
77634,1875,9,24.358
77635,1875,10,24.71
77636,1875,11,24.236
77637,1875,12,24.894
77638,1876,1,24.856
77639,1876,2,24.695
77640,1876,3,24.872
77641,1876,4,24.237
77642,1876,5,23.76
77643,1876,6,22.742
77644,1876,7,23.301
77645,1876,8,23.598000000000003
77646,1876,9,24.804
77647,1876,10,25.073
77648,1876,11,24.6
77649,1876,12,24.054
77650,1877,1,24.984
77651,1877,2,25.254
77652,1877,3,25.656
77653,1877,4,24.852
77654,1877,5,23.889
77655,1877,6,23.335
77656,1877,7,24.172
77657,1877,8,24.406
77658,1877,9,25.353
77659,1877,10,25.751
77660,1877,11,25.564
77661,1877,12,24.873
77662,1878,1,25.001
77663,1878,2,26.040000000000006
77664,1878,3,26.756
77665,1878,4,25.6
77666,1878,5,23.527
77667,1878,6,23.72600000000001
77668,1878,7,23.81
77669,1878,8,24.208
77670,1878,9,25.295
77671,1878,10,25.399
77672,1878,11,25.791
77673,1878,12,24.973000000000003
77674,1879,1,24.92
77675,1879,2,24.922
77676,1879,3,24.728
77677,1879,4,23.962
77678,1879,5,23.284
77679,1879,6,22.655
77680,1879,7,23.285
77681,1879,8,23.341
77682,1879,9,24.22
77683,1879,10,25.17
77684,1879,11,24.999
77685,1879,12,24.28
77686,1880,1,24.492
77687,1880,2,24.411
77688,1880,3,24.649
77689,1880,4,23.887
77690,1880,5,23.905
77691,1880,6,23.428
77692,1880,7,23.517
77693,1880,8,24.686
77694,1880,9,24.305
77695,1880,10,24.741
77696,1880,11,25.137
77697,1880,12,24.951
77698,1881,1,25.065
77699,1881,2,24.744000000000003
77700,1881,3,25.291
77701,1881,4,24.479
77702,1881,5,23.876
77703,1881,6,22.782
77704,1881,7,23.063
77705,1881,8,23.756
77706,1881,9,25.152
77707,1881,10,25.264
77708,1881,11,24.696
77709,1881,12,25.049
77710,1882,1,25.318
77711,1882,2,24.962000000000003
77712,1882,3,24.807
77713,1882,4,23.845
77714,1882,5,23.606
77715,1882,6,22.518
77716,1882,7,22.371
77717,1882,8,23.947
77718,1882,9,24.533
77719,1882,10,24.91200000000001
77720,1882,11,24.399
77721,1882,12,23.622
77722,1883,1,24.196
77723,1883,2,24.284
77724,1883,3,25.022
77725,1883,4,23.94400000000001
77726,1883,5,23.578000000000003
77727,1883,6,23.096
77728,1883,7,22.882
77729,1883,8,23.263
77730,1883,9,24.412
77731,1883,10,25.097
77732,1883,11,24.491
77733,1883,12,24.803
77734,1884,1,24.334000000000003
77735,1884,2,24.426
77736,1884,3,24.253
77737,1884,4,23.667
77738,1884,5,22.873
77739,1884,6,22.373
77740,1884,7,22.819000000000003
77741,1884,8,24.504
77742,1884,9,24.331
77743,1884,10,24.596
77744,1884,11,24.774
77745,1884,12,24.62
77746,1885,1,24.106
77747,1885,2,24.475
77748,1885,3,24.231
77749,1885,4,24.217
77750,1885,5,23.83
77751,1885,6,22.638
77752,1885,7,23.279
77753,1885,8,23.772
77754,1885,9,24.953000000000003
77755,1885,10,25.103
77756,1885,11,25.447
77757,1885,12,25.685
77758,1886,1,24.78700000000001
77759,1886,2,23.966
77760,1886,3,24.615
77761,1886,4,24.297
77762,1886,5,23.042
77763,1886,6,22.171
77764,1886,7,22.556
77765,1886,8,23.317
77766,1886,9,24.779
77767,1886,10,24.801
77768,1886,11,24.858
77769,1886,12,24.926
77770,1887,1,24.040000000000006
77771,1887,2,24.502
77772,1887,3,24.284
77773,1887,4,24.059
77774,1887,5,23.449
77775,1887,6,23.059
77776,1887,7,22.895
77777,1887,8,24.361
77778,1887,9,24.956
77779,1887,10,25.31
77780,1887,11,25.111
77781,1887,12,25.324
77782,1888,1,24.472
77783,1888,2,24.654
77784,1888,3,24.466
77785,1888,4,24.001
77786,1888,5,23.354
77787,1888,6,22.772
77788,1888,7,23.228
77789,1888,8,24.192
77790,1888,9,25.787
77791,1888,10,26.207
77792,1888,11,25.899
77793,1888,12,25.568
77794,1889,1,25.483
77795,1889,2,25.868
77796,1889,3,25.728
77797,1889,4,25.054
77798,1889,5,24.296
77799,1889,6,22.464
77800,1889,7,23.257
77801,1889,8,23.594
77802,1889,9,24.317
77803,1889,10,25.057
77804,1889,11,25.018
77805,1889,12,25.532
77806,1890,1,24.461
77807,1890,2,24.651
77808,1890,3,24.487
77809,1890,4,23.761
77810,1890,5,23.046
77811,1890,6,22.164
77812,1890,7,23.048
77813,1890,8,23.521
77814,1890,9,24.92
77815,1890,10,25.086
77816,1890,11,24.873
77817,1890,12,24.948
77818,1891,1,24.341
77819,1891,2,24.541
77820,1891,3,24.747
77821,1891,4,24.192
77822,1891,5,23.52
77823,1891,6,23.06
77824,1891,7,22.776
77825,1891,8,23.824
77826,1891,9,24.934
77827,1891,10,25.16
77828,1891,11,25.092
77829,1891,12,24.982
77830,1892,1,25.146
77831,1892,2,25.10100000000001
77832,1892,3,24.899
77833,1892,4,24.1
77834,1892,5,23.129
77835,1892,6,22.688
77836,1892,7,22.367
77837,1892,8,23.5
77838,1892,9,24.665
77839,1892,10,25.064
77840,1892,11,24.668000000000003
77841,1892,12,24.478
77842,1893,1,24.087000000000003
77843,1893,2,23.874
77844,1893,3,24.494
77845,1893,4,23.97
77846,1893,5,23.182
77847,1893,6,22.398000000000003
77848,1893,7,22.955
77849,1893,8,23.275
77850,1893,9,24.145
77851,1893,10,24.834
77852,1893,11,24.653
77853,1893,12,25.06
77854,1894,1,25.198
77855,1894,2,25.238000000000003
77856,1894,3,24.953000000000003
77857,1894,4,23.923
77858,1894,5,23.536
77859,1894,6,21.91
77860,1894,7,22.613000000000003
77861,1894,8,23.825
77862,1894,9,24.908
77863,1894,10,25.618
77864,1894,11,25.274
77865,1894,12,24.997
77866,1895,1,24.699
77867,1895,2,24.446
77868,1895,3,24.951
77869,1895,4,24.619
77870,1895,5,23.74
77871,1895,6,22.995
77872,1895,7,22.949
77873,1895,8,24.333
77874,1895,9,24.83
77875,1895,10,25.31600000000001
77876,1895,11,25.104
77877,1895,12,25.626
77878,1896,1,24.832
77879,1896,2,25.172
77880,1896,3,24.682
77881,1896,4,23.931
77882,1896,5,23.531
77883,1896,6,22.81900000000001
77884,1896,7,23.225
77885,1896,8,24.516
77886,1896,9,25.535
77887,1896,10,25.539
77888,1896,11,25.584
77889,1896,12,25.685
77890,1897,1,25.22600000000001
77891,1897,2,24.987
77892,1897,3,25.016
77893,1897,4,25.071
77894,1897,5,24.391
77895,1897,6,22.591
77896,1897,7,22.197
77897,1897,8,23.73
77898,1897,9,24.457
77899,1897,10,25.478
77900,1897,11,24.92
77901,1897,12,25.549
77902,1898,1,25.665000000000006
77903,1898,2,25.135
77904,1898,3,24.75
77905,1898,4,24.418000000000003
77906,1898,5,23.446
77907,1898,6,23.369
77908,1898,7,23.074
77909,1898,8,23.748
77910,1898,9,24.347
77911,1898,10,24.742
77912,1898,11,25.027
77913,1898,12,24.666
77914,1899,1,25.004
77915,1899,2,24.313
77916,1899,3,24.756
77917,1899,4,24.625
77918,1899,5,24.054
77919,1899,6,22.288
77920,1899,7,22.932
77921,1899,8,24.492
77922,1899,9,24.894
77923,1899,10,25.16
77924,1899,11,25.714
77925,1899,12,25.133000000000003
77926,1900,1,25.086
77927,1900,2,25.259
77928,1900,3,25.835
77929,1900,4,24.602
77930,1900,5,24.393
77931,1900,6,23.518
77932,1900,7,23.81
77933,1900,8,24.313
77934,1900,9,25.297
77935,1900,10,25.799
77936,1900,11,25.54
77937,1900,12,25.406
77938,1901,1,25.144
77939,1901,2,25.44100000000001
77940,1901,3,25.209
77941,1901,4,24.345
77942,1901,5,23.815
77943,1901,6,23.407
77944,1901,7,24.01
77945,1901,8,24.82
77946,1901,9,25.632
77947,1901,10,25.78
77948,1901,11,25.216
77949,1901,12,24.512
77950,1902,1,24.934
77951,1902,2,24.993
77952,1902,3,24.656
77953,1902,4,24.398000000000003
77954,1902,5,24.412
77955,1902,6,24.003
77956,1902,7,23.761
77957,1902,8,23.661
77958,1902,9,25.379
77959,1902,10,25.173
77960,1902,11,25.698
77961,1902,12,25.462
77962,1903,1,25.198
77963,1903,2,25.491000000000003
77964,1903,3,25.367
77965,1903,4,24.399
77966,1903,5,23.597
77967,1903,6,23.618
77968,1903,7,23.312
77969,1903,8,24.001
77970,1903,9,24.854
77971,1903,10,25.021
77972,1903,11,25.04
77973,1903,12,24.997
77974,1904,1,24.526
77975,1904,2,24.540000000000006
77976,1904,3,24.574
77977,1904,4,24.008000000000003
77978,1904,5,23.024
77979,1904,6,22.472
77980,1904,7,22.774
77981,1904,8,23.415
77982,1904,9,24.466
77983,1904,10,24.454
77984,1904,11,24.959
77985,1904,12,24.734
77986,1905,1,24.733
77987,1905,2,24.708
77988,1905,3,24.636
77989,1905,4,24.237
77990,1905,5,24.675
77991,1905,6,23.931
77992,1905,7,23.422
77993,1905,8,24.235
77994,1905,9,25.159
77995,1905,10,26.087
77996,1905,11,25.76
77997,1905,12,25.293000000000003
77998,1906,1,24.875
77999,1906,2,24.867
78000,1906,3,24.765
78001,1906,4,24.31
78002,1906,5,24.229
78003,1906,6,22.868
78004,1906,7,23.188
78005,1906,8,24.294
78006,1906,9,24.757
78007,1906,10,25.308000000000003
78008,1906,11,25.53
78009,1906,12,25.198
78010,1907,1,24.786
78011,1907,2,24.805000000000003
78012,1907,3,25.052
78013,1907,4,24.349
78014,1907,5,23.466
78015,1907,6,23.135
78016,1907,7,22.238000000000003
78017,1907,8,23.455
78018,1907,9,25.236
78019,1907,10,25.19400000000001
78020,1907,11,25.297
78021,1907,12,25.075
78022,1908,1,25.158
78023,1908,2,25.215
78024,1908,3,24.887
78025,1908,4,24.548
78026,1908,5,23.784
78027,1908,6,23.294
78028,1908,7,23.547
78029,1908,8,23.317
78030,1908,9,25.387
78031,1908,10,24.71
78032,1908,11,24.926
78033,1908,12,25.448
78034,1909,1,25.128
78035,1909,2,25.31
78036,1909,3,24.989
78037,1909,4,24.433000000000003
78038,1909,5,22.935
78039,1909,6,23.076
78040,1909,7,22.903
78041,1909,8,23.827
78042,1909,9,25.106
78043,1909,10,24.877
78044,1909,11,25.363000000000003
78045,1909,12,24.914
78046,1910,1,24.97300000000001
78047,1910,2,25.09
78048,1910,3,24.685
78049,1910,4,24.605
78050,1910,5,23.188
78051,1910,6,23.404
78052,1910,7,23.085
78053,1910,8,24.269
78054,1910,9,25.121
78055,1910,10,24.88000000000001
78056,1910,11,24.91
78057,1910,12,24.807
78058,1911,1,24.583
78059,1911,2,25.026000000000003
78060,1911,3,24.231
78061,1911,4,24.239
78062,1911,5,23.621
78063,1911,6,22.706
78064,1911,7,22.505
78065,1911,8,23.814
78066,1911,9,24.87
78067,1911,10,25.016
78068,1911,11,25.573
78069,1911,12,25.285
78070,1912,1,25.297
78071,1912,2,25.238000000000003
78072,1912,3,24.84
78073,1912,4,24.719
78074,1912,5,24.312
78075,1912,6,23.545
78076,1912,7,22.339
78077,1912,8,24.155
78078,1912,9,24.349
78079,1912,10,24.997
78080,1912,11,25.174
78081,1912,12,24.765
78082,1913,1,24.863000000000003
78083,1913,2,24.754
78084,1913,3,25.131
78085,1913,4,24.758000000000003
78086,1913,5,23.711
78087,1913,6,23.214
78088,1913,7,23.37
78089,1913,8,24.0
78090,1913,9,24.948
78091,1913,10,25.44100000000001
78092,1913,11,25.717
78093,1913,12,25.241
78094,1914,1,25.475
78095,1914,2,25.178
78096,1914,3,25.374
78097,1914,4,24.663
78098,1914,5,23.794
78099,1914,6,24.11
78100,1914,7,23.939
78101,1914,8,23.87
78102,1914,9,25.493
78103,1914,10,25.626
78104,1914,11,25.776
78105,1914,12,25.493
78106,1915,1,25.610000000000007
78107,1915,2,25.94100000000001
78108,1915,3,26.044
78109,1915,4,25.788
78110,1915,5,25.453000000000003
78111,1915,6,23.032
78112,1915,7,23.43
78113,1915,8,24.79
78114,1915,9,25.365
78115,1915,10,25.716
78116,1915,11,25.192
78117,1915,12,25.062
78118,1916,1,24.956000000000003
78119,1916,2,24.99
78120,1916,3,24.761
78121,1916,4,24.679
78122,1916,5,24.135
78123,1916,6,22.507
78124,1916,7,22.572
78125,1916,8,24.033
78126,1916,9,25.885
78127,1916,10,25.164
78128,1916,11,25.173
78129,1916,12,24.461
78130,1917,1,24.375
78131,1917,2,24.154000000000003
78132,1917,3,24.578000000000003
78133,1917,4,23.86
78134,1917,5,22.322
78135,1917,6,22.166
78136,1917,7,22.389
78137,1917,8,23.151
78138,1917,9,24.684
78139,1917,10,24.532
78140,1917,11,24.911
78141,1917,12,24.448
78142,1918,1,24.455
78143,1918,2,24.341
78144,1918,3,24.561
78145,1918,4,24.25500000000001
78146,1918,5,23.935
78147,1918,6,23.02
78148,1918,7,22.71
78149,1918,8,23.668000000000003
78150,1918,9,24.983
78151,1918,10,25.234
78152,1918,11,25.446
78153,1918,12,25.106
78154,1919,1,25.343000000000004
78155,1919,2,25.531
78156,1919,3,25.48
78157,1919,4,25.174
78158,1919,5,24.824
78159,1919,6,23.73
78160,1919,7,23.428
78161,1919,8,23.399
78162,1919,9,25.121
78163,1919,10,25.548
78164,1919,11,25.385
78165,1919,12,25.078000000000003
78166,1920,1,25.28700000000001
78167,1920,2,25.245
78168,1920,3,25.075
78169,1920,4,24.704
78170,1920,5,23.575
78171,1920,6,22.782
78172,1920,7,22.606
78173,1920,8,23.371
78174,1920,9,24.753
78175,1920,10,25.416
78176,1920,11,25.305
78177,1920,12,24.8
78178,1921,1,24.897
78179,1921,2,24.975
78180,1921,3,25.003
78181,1921,4,24.122
78182,1921,5,24.044
78183,1921,6,21.797
78184,1921,7,21.865
78185,1921,8,24.311
78186,1921,9,24.784
78187,1921,10,25.185
78188,1921,11,24.974
78189,1921,12,25.358
78190,1922,1,25.221
78191,1922,2,25.202
78192,1922,3,25.083
78193,1922,4,24.672
78194,1922,5,23.828000000000003
78195,1922,6,23.044
78196,1922,7,22.88
78197,1922,8,24.346
78198,1922,9,25.154
78199,1922,10,24.687
78200,1922,11,25.074
78201,1922,12,24.813
78202,1923,1,24.752
78203,1923,2,24.85
78204,1923,3,24.903
78205,1923,4,24.493
78206,1923,5,23.248
78207,1923,6,23.128
78208,1923,7,22.171
78209,1923,8,23.986
78210,1923,9,24.953000000000003
78211,1923,10,25.046
78212,1923,11,25.203000000000003
78213,1923,12,25.563
78214,1924,1,25.392000000000003
78215,1924,2,25.132
78216,1924,3,25.456
78217,1924,4,24.783
78218,1924,5,23.719
78219,1924,6,23.246
78220,1924,7,22.898000000000003
78221,1924,8,23.031
78222,1924,9,24.849
78223,1924,10,24.516
78224,1924,11,25.272
78225,1924,12,24.884
78226,1925,1,24.718000000000004
78227,1925,2,24.871
78228,1925,3,24.786
78229,1925,4,25.06
78230,1925,5,24.076
78231,1925,6,22.790000000000006
78232,1925,7,22.811
78233,1925,8,24.516
78234,1925,9,24.914
78235,1925,10,24.983
78236,1925,11,25.37
78237,1925,12,25.557
78238,1926,1,25.577
78239,1926,2,25.687
78240,1926,3,25.696
78241,1926,4,24.904
78242,1926,5,23.936
78243,1926,6,24.021
78244,1926,7,22.748
78245,1926,8,24.398000000000003
78246,1926,9,25.868
78247,1926,10,25.763
78248,1926,11,26.114
78249,1926,12,25.391
78250,1927,1,25.428
78251,1927,2,25.154
78252,1927,3,25.303
78253,1927,4,24.66
78254,1927,5,23.76
78255,1927,6,22.777
78256,1927,7,22.57
78257,1927,8,24.196
78258,1927,9,25.209
78259,1927,10,25.639
78260,1927,11,26.048
78261,1927,12,25.678
78262,1928,1,25.455
78263,1928,2,25.78700000000001
78264,1928,3,25.639
78265,1928,4,25.295
78266,1928,5,24.46
78267,1928,6,23.794
78268,1928,7,23.199
78269,1928,8,23.705
78270,1928,9,25.124
78271,1928,10,25.504
78272,1928,11,25.954
78273,1928,12,25.351
78274,1929,1,25.5
78275,1929,2,25.236
78276,1929,3,25.079
78277,1929,4,24.391
78278,1929,5,23.35
78279,1929,6,23.031
78280,1929,7,23.047
78281,1929,8,24.393
78282,1929,9,25.364
78283,1929,10,25.63000000000001
78284,1929,11,25.668000000000003
78285,1929,12,25.043000000000003
78286,1930,1,25.411
78287,1930,2,25.28
78288,1930,3,25.551
78289,1930,4,24.527
78290,1930,5,24.231
78291,1930,6,23.905
78292,1930,7,23.218000000000004
78293,1930,8,24.447
78294,1930,9,25.074
78295,1930,10,25.434
78296,1930,11,25.484
78297,1930,12,25.564
78298,1931,1,25.96
78299,1931,2,25.66200000000001
78300,1931,3,25.499
78301,1931,4,25.126
78302,1931,5,23.755
78303,1931,6,23.0
78304,1931,7,23.165
78305,1931,8,23.908
78306,1931,9,24.911
78307,1931,10,25.519
78308,1931,11,25.449
78309,1931,12,25.601
78310,1932,1,25.045
78311,1932,2,25.555000000000003
78312,1932,3,25.358
78313,1932,4,25.403
78314,1932,5,24.202
78315,1932,6,23.700000000000006
78316,1932,7,23.705
78317,1932,8,24.047
78318,1932,9,25.324
78319,1932,10,25.753
78320,1932,11,25.964
78321,1932,12,25.616
78322,1933,1,25.46
78323,1933,2,25.442
78324,1933,3,25.289
78325,1933,4,24.442
78326,1933,5,23.988000000000003
78327,1933,6,22.733
78328,1933,7,22.691
78329,1933,8,24.248
78330,1933,9,25.468000000000004
78331,1933,10,25.33
78332,1933,11,25.057
78333,1933,12,25.202
78334,1934,1,24.945
78335,1934,2,24.884
78336,1934,3,25.119
78337,1934,4,24.59800000000001
78338,1934,5,23.896
78339,1934,6,23.64
78340,1934,7,23.088
78341,1934,8,24.382
78342,1934,9,25.158
78343,1934,10,24.94100000000001
78344,1934,11,25.678
78345,1934,12,25.454
78346,1935,1,25.514000000000006
78347,1935,2,25.345
78348,1935,3,25.6
78349,1935,4,24.29
78350,1935,5,23.544
78351,1935,6,23.809
78352,1935,7,23.616
78353,1935,8,24.162
78354,1935,9,25.062
78355,1935,10,25.822000000000006
78356,1935,11,25.644
78357,1935,12,25.829
78358,1936,1,25.31600000000001
78359,1936,2,25.357000000000006
78360,1936,3,25.609
78361,1936,4,24.965
78362,1936,5,24.986
78363,1936,6,23.948
78364,1936,7,23.407
78365,1936,8,24.023000000000003
78366,1936,9,25.558000000000003
78367,1936,10,26.06900000000001
78368,1936,11,25.901
78369,1936,12,25.594
78370,1937,1,25.581000000000003
78371,1937,2,25.801
78372,1937,3,25.627
78373,1937,4,24.522
78374,1937,5,23.729
78375,1937,6,23.857000000000006
78376,1937,7,23.669
78377,1937,8,25.164
78378,1937,9,25.552
78379,1937,10,25.405
78380,1937,11,26.158
78381,1937,12,25.538
78382,1938,1,25.608
78383,1938,2,25.89
78384,1938,3,25.372
78385,1938,4,24.493
78386,1938,5,24.209
78387,1938,6,23.59800000000001
78388,1938,7,23.562
78389,1938,8,24.186
78390,1938,9,25.479
78391,1938,10,25.193
78392,1938,11,25.604
78393,1938,12,25.295
78394,1939,1,25.527
78395,1939,2,25.168000000000006
78396,1939,3,25.497
78397,1939,4,24.742
78398,1939,5,24.838
78399,1939,6,24.041
78400,1939,7,22.923
78401,1939,8,24.297
78402,1939,9,25.023000000000003
78403,1939,10,25.581
78404,1939,11,25.852
78405,1939,12,25.67
78406,1940,1,25.425
78407,1940,2,25.786
78408,1940,3,25.588
78409,1940,4,25.062
78410,1940,5,24.795
78411,1940,6,23.886000000000006
78412,1940,7,24.227
78413,1940,8,24.382
78414,1940,9,25.2
78415,1940,10,25.532
78416,1940,11,25.382
78417,1940,12,26.103
78418,1941,1,25.921000000000006
78419,1941,2,26.017000000000003
78420,1941,3,25.679
78421,1941,4,25.806
78422,1941,5,24.667
78423,1941,6,23.379
78424,1941,7,23.862
78425,1941,8,25.12
78426,1941,9,24.434
78427,1941,10,25.757
78428,1941,11,25.872
78429,1941,12,25.841
78430,1942,1,26.19400000000001
78431,1942,2,25.729000000000006
78432,1942,3,25.815
78433,1942,4,25.094
78434,1942,5,24.163
78435,1942,6,22.91
78436,1942,7,22.262
78437,1942,8,24.49
78438,1942,9,25.57
78439,1942,10,25.281
78440,1942,11,25.823
78441,1942,12,25.218000000000004
78442,1943,1,25.308000000000003
78443,1943,2,25.391
78444,1943,3,25.029
78445,1943,4,24.111
78446,1943,5,24.209
78447,1943,6,23.58
78448,1943,7,23.25
78449,1943,8,23.209
78450,1943,9,24.67
78451,1943,10,25.528
78452,1943,11,25.405
78453,1943,12,25.011
78454,1944,1,25.375
78455,1944,2,25.415000000000006
78456,1944,3,25.453000000000003
78457,1944,4,24.282
78458,1944,5,23.978
78459,1944,6,23.736
78460,1944,7,23.216
78461,1944,8,24.837
78462,1944,9,25.512
78463,1944,10,25.986
78464,1944,11,25.517
78465,1944,12,25.548
78466,1945,1,25.506
78467,1945,2,25.19400000000001
78468,1945,3,25.535
78469,1945,4,24.788
78470,1945,5,23.147
78471,1945,6,22.683000000000003
78472,1945,7,23.314
78473,1945,8,25.255
78474,1945,9,25.336
78475,1945,10,25.265
78476,1945,11,25.535
78477,1945,12,25.135
78478,1946,1,25.175
78479,1946,2,25.76
78480,1946,3,25.447
78481,1946,4,24.721
78482,1946,5,24.498
78483,1946,6,23.676
78484,1946,7,23.293000000000003
78485,1946,8,24.585
78486,1946,9,25.635
78487,1946,10,25.661
78488,1946,11,25.854
78489,1946,12,25.379
78490,1947,1,25.637
78491,1947,2,25.698
78492,1947,3,25.214
78493,1947,4,24.851
78494,1947,5,24.146
78495,1947,6,23.942
78496,1947,7,22.818
78497,1947,8,24.027
78498,1947,9,25.129
78499,1947,10,24.939
78500,1947,11,25.009
78501,1947,12,24.939
78502,1948,1,25.489
78503,1948,2,25.56600000000001
78504,1948,3,25.041
78505,1948,4,24.696
78506,1948,5,24.161
78507,1948,6,23.826
78508,1948,7,23.95
78509,1948,8,24.091
78510,1948,9,25.373
78511,1948,10,25.303
78512,1948,11,25.483
78513,1948,12,25.262
78514,1949,1,25.144
78515,1949,2,25.051
78516,1949,3,25.757
78517,1949,4,24.137
78518,1949,5,23.691
78519,1949,6,23.855
78520,1949,7,23.026
78521,1949,8,23.899
78522,1949,9,25.091
78523,1949,10,24.907
78524,1949,11,25.461
78525,1949,12,25.383000000000003
78526,1950,1,25.171000000000006
78527,1950,2,25.323
78528,1950,3,24.811
78529,1950,4,24.494
78530,1950,5,24.178
78531,1950,6,23.481
78532,1950,7,23.224
78533,1950,8,24.282
78534,1950,9,25.067
78535,1950,10,24.983
78536,1950,11,25.475
78537,1950,12,25.179
78538,1951,1,25.118
78539,1951,2,25.434
78540,1951,3,25.65
78541,1951,4,23.959
78542,1951,5,24.054
78543,1951,6,23.268
78544,1951,7,23.203000000000003
78545,1951,8,24.205
78546,1951,9,25.57
78547,1951,10,25.76
78548,1951,11,25.844
78549,1951,12,25.503
78550,1952,1,25.801
78551,1952,2,25.874
78552,1952,3,25.569000000000003
78553,1952,4,24.268
78554,1952,5,24.039
78555,1952,6,22.854000000000006
78556,1952,7,23.483
78557,1952,8,24.706
78558,1952,9,25.102
78559,1952,10,25.507
78560,1952,11,25.586
78561,1952,12,25.431
78562,1953,1,25.604000000000006
78563,1953,2,25.672
78564,1953,3,25.508000000000003
78565,1953,4,24.585
78566,1953,5,24.529
78567,1953,6,23.604000000000006
78568,1953,7,22.596
78569,1953,8,25.07
78570,1953,9,25.835
78571,1953,10,25.498
78572,1953,11,25.849
78573,1953,12,25.597
78574,1954,1,25.56900000000001
78575,1954,2,25.645000000000003
78576,1954,3,25.32
78577,1954,4,24.936
78578,1954,5,24.077
78579,1954,6,23.804
78580,1954,7,23.173
78581,1954,8,24.412
78582,1954,9,25.801
78583,1954,10,25.615
78584,1954,11,25.807
78585,1954,12,25.445
78586,1955,1,25.286
78587,1955,2,25.456000000000003
78588,1955,3,25.336
78589,1955,4,24.621
78590,1955,5,23.931
78591,1955,6,23.73
78592,1955,7,22.532
78593,1955,8,24.442
78594,1955,9,25.693
78595,1955,10,25.459
78596,1955,11,25.53
78597,1955,12,25.17
78598,1956,1,25.34800000000001
78599,1956,2,25.15
78600,1956,3,25.351
78601,1956,4,24.308000000000003
78602,1956,5,23.501
78603,1956,6,22.659
78604,1956,7,23.293000000000003
78605,1956,8,23.485
78606,1956,9,25.352
78607,1956,10,25.154
78608,1956,11,25.052
78609,1956,12,25.103
78610,1957,1,24.859
78611,1957,2,25.332
78612,1957,3,25.157
78613,1957,4,24.269
78614,1957,5,24.406
78615,1957,6,23.684
78616,1957,7,22.859
78617,1957,8,24.572
78618,1957,9,25.061
78619,1957,10,25.719
78620,1957,11,25.75
78621,1957,12,25.955
78622,1958,1,26.089
78623,1958,2,26.246
78624,1958,3,25.786
78625,1958,4,24.865
78626,1958,5,24.348000000000003
78627,1958,6,24.242
78628,1958,7,24.367
78629,1958,8,24.13
78630,1958,9,25.662
78631,1958,10,25.616
78632,1958,11,25.92
78633,1958,12,25.946
78634,1959,1,25.72300000000001
78635,1959,2,25.747
78636,1959,3,25.357
78637,1959,4,25.415
78638,1959,5,24.469
78639,1959,6,23.633000000000006
78640,1959,7,24.044
78641,1959,8,24.625
78642,1959,9,25.627
78643,1959,10,25.801
78644,1959,11,25.548
78645,1959,12,25.898000000000003
78646,1960,1,25.515
78647,1960,2,25.44
78648,1960,3,25.284
78649,1960,4,24.488000000000003
78650,1960,5,23.393
78651,1960,6,23.38000000000001
78652,1960,7,23.386
78653,1960,8,24.153
78654,1960,9,25.369
78655,1960,10,25.69400000000001
78656,1960,11,25.528
78657,1960,12,25.402
78658,1961,1,25.548
78659,1961,2,25.294
78660,1961,3,25.55
78661,1961,4,25.147
78662,1961,5,24.479
78663,1961,6,23.34
78664,1961,7,23.387
78665,1961,8,25.153
78666,1961,9,26.283
78667,1961,10,25.933000000000003
78668,1961,11,26.21
78669,1961,12,25.433000000000003
78670,1962,1,25.529
78671,1962,2,25.689
78672,1962,3,25.497
78673,1962,4,24.667
78674,1962,5,23.94
78675,1962,6,23.011000000000006
78676,1962,7,22.679
78677,1962,8,24.481
78678,1962,9,25.772
78679,1962,10,25.2
78680,1962,11,25.981
78681,1962,12,25.662
78682,1963,1,25.655
78683,1963,2,25.308000000000003
78684,1963,3,25.617
78685,1963,4,24.917
78686,1963,5,23.908
78687,1963,6,23.136000000000006
78688,1963,7,23.474
78689,1963,8,24.852
78690,1963,9,26.152
78691,1963,10,26.89
78692,1963,11,26.413
78693,1963,12,25.737
78694,1964,1,25.686
78695,1964,2,25.698
78696,1964,3,25.403
78697,1964,4,25.065
78698,1964,5,23.937
78699,1964,6,22.97600000000001
78700,1964,7,22.883000000000003
78701,1964,8,24.738000000000003
78702,1964,9,25.26
78703,1964,10,24.935
78704,1964,11,25.153
78705,1964,12,25.075
78706,1965,1,25.225
78707,1965,2,25.512
78708,1965,3,24.703000000000003
78709,1965,4,24.576
78710,1965,5,24.294
78711,1965,6,23.894
78712,1965,7,23.425
78713,1965,8,24.755
78714,1965,9,25.862
78715,1965,10,25.747
78716,1965,11,25.891
78717,1965,12,25.922
78718,1966,1,25.968000000000004
78719,1966,2,25.689
78720,1966,3,25.632
78721,1966,4,24.939
78722,1966,5,24.406
78723,1966,6,23.868
78724,1966,7,23.581
78725,1966,8,24.219
78726,1966,9,25.024
78727,1966,10,25.94400000000001
78728,1966,11,25.822
78729,1966,12,25.945
78730,1967,1,25.594
78731,1967,2,25.341
78732,1967,3,25.19
78733,1967,4,24.699
78734,1967,5,24.638
78735,1967,6,23.32
78736,1967,7,23.5
78737,1967,8,24.984
78738,1967,9,25.93
78739,1967,10,25.894
78740,1967,11,25.551
78741,1967,12,25.523000000000003
78742,1968,1,25.448
78743,1968,2,25.083
78744,1968,3,25.054
78745,1968,4,24.078000000000003
78746,1968,5,22.964
78747,1968,6,23.16
78748,1968,7,23.377
78749,1968,8,24.3
78750,1968,9,24.886
78751,1968,10,25.667
78752,1968,11,26.072
78753,1968,12,25.486
78754,1969,1,25.72300000000001
78755,1969,2,26.043000000000006
78756,1969,3,25.765
78757,1969,4,25.164
78758,1969,5,24.795
78759,1969,6,23.96
78760,1969,7,23.618
78761,1969,8,24.675
78762,1969,9,26.037
78763,1969,10,25.72300000000001
78764,1969,11,26.354
78765,1969,12,25.536
78766,1970,1,25.696
78767,1970,2,25.733
78768,1970,3,25.602
78769,1970,4,25.193
78770,1970,5,24.811
78771,1970,6,24.056
78772,1970,7,23.499
78773,1970,8,24.572
78774,1970,9,25.444000000000003
78775,1970,10,25.828000000000003
78776,1970,11,25.729
78777,1970,12,26.13
78778,1971,1,25.641
78779,1971,2,25.116000000000003
78780,1971,3,25.237
78781,1971,4,24.31900000000001
78782,1971,5,23.673
78783,1971,6,23.102
78784,1971,7,23.376
78785,1971,8,24.314
78786,1971,9,25.156
78787,1971,10,24.708
78788,1971,11,25.137
78789,1971,12,25.523000000000003
78790,1972,1,25.14
78791,1972,2,25.146
78792,1972,3,25.417
78793,1972,4,24.311
78794,1972,5,24.64
78795,1972,6,24.467
78796,1972,7,23.909
78797,1972,8,24.61
78798,1972,9,25.577
78799,1972,10,25.859
78800,1972,11,26.175
78801,1972,12,25.917
78802,1973,1,26.277
78803,1973,2,26.157
78804,1973,3,25.962
78805,1973,4,25.617
78806,1973,5,24.327
78807,1973,6,24.462
78808,1973,7,23.57
78809,1973,8,24.465
78810,1973,9,25.127
78811,1973,10,25.308000000000003
78812,1973,11,25.512
78813,1973,12,25.251
78814,1974,1,25.116000000000003
78815,1974,2,25.266
78816,1974,3,24.726
78817,1974,4,24.405
78818,1974,5,24.063
78819,1974,6,23.289
78820,1974,7,23.176
78821,1974,8,24.394
78822,1974,9,25.135
78823,1974,10,25.077
78824,1974,11,25.524
78825,1974,12,24.807
78826,1975,1,25.113000000000003
78827,1975,2,25.241000000000003
78828,1975,3,25.334
78829,1975,4,24.483
78830,1975,5,23.796
78831,1975,6,23.535
78832,1975,7,22.693
78833,1975,8,24.549
78834,1975,9,25.382
78835,1975,10,25.391
78836,1975,11,25.337
78837,1975,12,25.267
78838,1976,1,25.322000000000006
78839,1976,2,24.857000000000006
78840,1976,3,24.867
78841,1976,4,24.489
78842,1976,5,24.152
78843,1976,6,23.308000000000003
78844,1976,7,23.582
78845,1976,8,24.773000000000003
78846,1976,9,24.981
78847,1976,10,25.276
78848,1976,11,25.403
78849,1976,12,25.618
78850,1977,1,25.449
78851,1977,2,25.393
78852,1977,3,25.807
78853,1977,4,24.839
78854,1977,5,23.97
78855,1977,6,23.792
78856,1977,7,24.552
78857,1977,8,24.984
78858,1977,9,25.577
78859,1977,10,25.715
78860,1977,11,25.926
78861,1977,12,25.584
78862,1978,1,25.571
78863,1978,2,25.884
78864,1978,3,25.488000000000003
78865,1978,4,24.75500000000001
78866,1978,5,24.054
78867,1978,6,23.426
78868,1978,7,24.145
78869,1978,8,23.85
78870,1978,9,25.245
78871,1978,10,25.739
78872,1978,11,25.792
78873,1978,12,25.181
78874,1979,1,25.202
78875,1979,2,25.397
78876,1979,3,25.374
78877,1979,4,24.732
78878,1979,5,24.332
78879,1979,6,23.081
78880,1979,7,23.66
78881,1979,8,25.052
78882,1979,9,25.034
78883,1979,10,25.984
78884,1979,11,25.701
78885,1979,12,25.783
78886,1980,1,25.487
78887,1980,2,25.457
78888,1980,3,25.759
78889,1980,4,25.189
78890,1980,5,24.871
78891,1980,6,23.861
78892,1980,7,23.876
78893,1980,8,24.979
78894,1980,9,25.163
78895,1980,10,25.96
78896,1980,11,25.502
78897,1980,12,25.672
78898,1981,1,25.435
78899,1981,2,25.606
78900,1981,3,25.663
78901,1981,4,25.177
78902,1981,5,24.796
78903,1981,6,23.384
78904,1981,7,22.819000000000003
78905,1981,8,24.738000000000003
78906,1981,9,25.219
78907,1981,10,25.318
78908,1981,11,25.908
78909,1981,12,25.738000000000003
78910,1982,1,25.379
78911,1982,2,25.603
78912,1982,3,25.568
78913,1982,4,24.782
78914,1982,5,24.329
78915,1982,6,24.296
78916,1982,7,24.366
78917,1982,8,24.939
78918,1982,9,25.491
78919,1982,10,25.825
78920,1982,11,26.344
78921,1982,12,25.842
78922,1983,1,26.293000000000006
78923,1983,2,26.290000000000006
78924,1983,3,25.842
78925,1983,4,25.708
78926,1983,5,25.518
78927,1983,6,23.758000000000006
78928,1983,7,24.257
78929,1983,8,24.548
78930,1983,9,25.381
78931,1983,10,25.366
78932,1983,11,25.73
78933,1983,12,25.518
78934,1984,1,25.678
78935,1984,2,25.909
78936,1984,3,25.722
78937,1984,4,24.579
78938,1984,5,24.88
78939,1984,6,23.814
78940,1984,7,24.025
78941,1984,8,24.143
78942,1984,9,24.946
78943,1984,10,26.008000000000006
78944,1984,11,25.958
78945,1984,12,25.657
78946,1985,1,25.249
78947,1985,2,25.612
78948,1985,3,25.674
78949,1985,4,25.03
78950,1985,5,24.543000000000003
78951,1985,6,23.036
78952,1985,7,23.341
78953,1985,8,24.444000000000003
78954,1985,9,25.465
78955,1985,10,25.69100000000001
78956,1985,11,25.93
78957,1985,12,25.573
78958,1986,1,25.554
78959,1986,2,25.584000000000003
78960,1986,3,25.352
78961,1986,4,25.44100000000001
78962,1986,5,24.939
78963,1986,6,23.790000000000006
78964,1986,7,23.516
78965,1986,8,25.004
78966,1986,9,25.155
78967,1986,10,25.378
78968,1986,11,26.051
78969,1986,12,25.808000000000003
78970,1987,1,25.887
78971,1987,2,25.959000000000003
78972,1987,3,25.619
78973,1987,4,25.645
78974,1987,5,24.639
78975,1987,6,23.918000000000006
78976,1987,7,24.989
78977,1987,8,24.83
78978,1987,9,25.927
78979,1987,10,26.579
78980,1987,11,26.482
78981,1987,12,26.287
78982,1988,1,26.204
78983,1988,2,25.947000000000006
78984,1988,3,26.077
78985,1988,4,25.265
78986,1988,5,24.462
78987,1988,6,23.321
78988,1988,7,22.924
78989,1988,8,24.803
78990,1988,9,26.07
78991,1988,10,25.843000000000004
78992,1988,11,25.751
78993,1988,12,25.461
78994,1989,1,25.268
78995,1989,2,25.399
78996,1989,3,25.341
78997,1989,4,25.068
78998,1989,5,23.86
78999,1989,6,23.817
79000,1989,7,23.064
79001,1989,8,24.666
79002,1989,9,25.367
79003,1989,10,25.434
79004,1989,11,25.923
79005,1989,12,25.25
79006,1990,1,25.806
79007,1990,2,25.541
79008,1990,3,26.03
79009,1990,4,25.693
79010,1990,5,24.453000000000003
79011,1990,6,23.863000000000003
79012,1990,7,23.216
79013,1990,8,24.669
79014,1990,9,25.125
79015,1990,10,26.392
79016,1990,11,26.534
79017,1990,12,25.977
79018,1991,1,25.638
79019,1991,2,26.004
79020,1991,3,25.706
79021,1991,4,25.233
79022,1991,5,24.816
79023,1991,6,24.13000000000001
79024,1991,7,23.583
79025,1991,8,24.502
79026,1991,9,25.678
79027,1991,10,25.827
79028,1991,11,26.103
79029,1991,12,26.286
79030,1992,1,26.015
79031,1992,2,25.680000000000003
79032,1992,3,25.741
79033,1992,4,25.532
79034,1992,5,25.411
79035,1992,6,24.727
79036,1992,7,23.313
79037,1992,8,24.552
79038,1992,9,25.03
79039,1992,10,25.815
79040,1992,11,25.604
79041,1992,12,25.596
79042,1993,1,25.879
79043,1993,2,25.357000000000006
79044,1993,3,25.973000000000003
79045,1993,4,25.454
79046,1993,5,24.721
79047,1993,6,23.994
79048,1993,7,23.908
79049,1993,8,24.625
79050,1993,9,25.798
79051,1993,10,26.269
79052,1993,11,26.287
79053,1993,12,25.994
79054,1994,1,25.579
79055,1994,2,25.825000000000006
79056,1994,3,25.556
79057,1994,4,25.304
79058,1994,5,25.206
79059,1994,6,23.906
79060,1994,7,23.806
79061,1994,8,24.819000000000003
79062,1994,9,26.187
79063,1994,10,26.493
79064,1994,11,26.479
79065,1994,12,26.296
79066,1995,1,26.131
79067,1995,2,25.8
79068,1995,3,26.071
79069,1995,4,25.077
79070,1995,5,24.535
79071,1995,6,24.184
79072,1995,7,24.763
79073,1995,8,25.567
79074,1995,9,26.359
79075,1995,10,26.25
79076,1995,11,25.929
79077,1995,12,25.987
79078,1996,1,25.814
79079,1996,2,26.125
79080,1996,3,25.723000000000003
79081,1996,4,25.326
79082,1996,5,24.732
79083,1996,6,23.393
79084,1996,7,23.736
79085,1996,8,25.201
79086,1996,9,25.765
79087,1996,10,26.083
79088,1996,11,25.857
79089,1996,12,26.299
79090,1997,1,25.63000000000001
79091,1997,2,25.746
79092,1997,3,25.262
79093,1997,4,24.938
79094,1997,5,24.398000000000003
79095,1997,6,24.205
79096,1997,7,24.342
79097,1997,8,24.972
79098,1997,9,26.779
79099,1997,10,26.881
79100,1997,11,26.921
79101,1997,12,26.639
79102,1998,1,26.700000000000006
79103,1998,2,26.904000000000003
79104,1998,3,26.67
79105,1998,4,26.504
79106,1998,5,25.12
79107,1998,6,24.245
79108,1998,7,24.831
79109,1998,8,25.841
79110,1998,9,26.188
79111,1998,10,26.413
79112,1998,11,25.954
79113,1998,12,26.135
79114,1999,1,25.923
79115,1999,2,25.991000000000003
79116,1999,3,25.795
79117,1999,4,25.094
79118,1999,5,24.154
79119,1999,6,24.034
79120,1999,7,24.096
79121,1999,8,24.743
79122,1999,9,26.109
79123,1999,10,25.922
79124,1999,11,25.723000000000003
79125,1999,12,25.855
79126,2000,1,25.653
79127,2000,2,25.463
79128,2000,3,25.446
79129,2000,4,25.102
79130,2000,5,24.614
79131,2000,6,24.268
79132,2000,7,23.17
79133,2000,8,25.11
79134,2000,9,25.381
79135,2000,10,26.393
79136,2000,11,25.916
79137,2000,12,25.842
79138,2001,1,25.55
79139,2001,2,25.881
79140,2001,3,25.882
79141,2001,4,25.82
79142,2001,5,24.84
79143,2001,6,23.497
79144,2001,7,24.344
79145,2001,8,25.441
79146,2001,9,26.014
79147,2001,10,26.253
79148,2001,11,26.507
79149,2001,12,26.024
79150,2002,1,25.837000000000003
79151,2002,2,25.868
79152,2002,3,26.311
79153,2002,4,25.881
79154,2002,5,25.363000000000003
79155,2002,6,24.242
79156,2002,7,24.514
79157,2002,8,25.774
79158,2002,9,25.908
79159,2002,10,26.956
79160,2002,11,26.583
79161,2002,12,26.367
79162,2003,1,26.392000000000003
79163,2003,2,26.13000000000001
79164,2003,3,25.931
79165,2003,4,25.594
79166,2003,5,24.814
79167,2003,6,24.706
79168,2003,7,24.305
79169,2003,8,24.744
79170,2003,9,25.812
79171,2003,10,26.206
79172,2003,11,26.278
79173,2003,12,26.54
79174,2004,1,25.957
79175,2004,2,25.584000000000003
79176,2004,3,25.896
79177,2004,4,25.81600000000001
79178,2004,5,24.316
79179,2004,6,24.02
79180,2004,7,23.899
79181,2004,8,25.054
79182,2004,9,26.314
79183,2004,10,26.243
79184,2004,11,26.486
79185,2004,12,26.373
79186,2005,1,26.486
79187,2005,2,26.28
79188,2005,3,26.19
79189,2005,4,25.832
79190,2005,5,25.259
79191,2005,6,24.962
79192,2005,7,24.159
79193,2005,8,25.713
79194,2005,9,25.746
79195,2005,10,26.794
79196,2005,11,26.535
79197,2005,12,25.716
79198,2006,1,26.185
79199,2006,2,26.06
79200,2006,3,26.034
79201,2006,4,25.19
79202,2006,5,23.965
79203,2006,6,24.064
79204,2006,7,24.494
79205,2006,8,25.472
79206,2006,9,25.995
79207,2006,10,26.301
79208,2006,11,26.152
79209,2006,12,26.292
79210,2007,1,26.409
79211,2007,2,26.026000000000003
79212,2007,3,26.112
79213,2007,4,25.75
79214,2007,5,24.519
79215,2007,6,24.378
79216,2007,7,24.199
79217,2007,8,24.907
79218,2007,9,26.539
79219,2007,10,26.689
79220,2007,11,26.475
79221,2007,12,26.013
79222,2008,1,25.561
79223,2008,2,25.565
79224,2008,3,25.422
79225,2008,4,25.161
79226,2008,5,24.206
79227,2008,6,23.674
79228,2008,7,24.529
79229,2008,8,25.781
79230,2008,9,26.047
79231,2008,10,26.678
79232,2008,11,26.508000000000003
79233,2008,12,25.792
79234,2009,1,25.858
79235,2009,2,25.796000000000006
79236,2009,3,26.03
79237,2009,4,25.26
79238,2009,5,24.672
79239,2009,6,23.626
79240,2009,7,24.375
79241,2009,8,25.474
79242,2009,9,26.54
79243,2009,10,26.427
79244,2009,11,27.151
79245,2009,12,25.998
79246,2010,1,26.206000000000003
79247,2010,2,26.802
79248,2010,3,26.728
79249,2010,4,25.654
79250,2010,5,25.015
79251,2010,6,24.59
79252,2010,7,24.27
79253,2010,8,25.101
79254,2010,9,26.642
79255,2010,10,26.483
79256,2010,11,26.22
79257,2010,12,26.038
79258,2011,1,25.637
79259,2011,2,25.659
79260,2011,3,25.497
79261,2011,4,25.313
79262,2011,5,24.551
79263,2011,6,24.235
79264,2011,7,24.4
79265,2011,8,25.565
79266,2011,9,26.373
79267,2011,10,26.024
79268,2011,11,25.887
79269,2011,12,26.006
79270,2012,1,25.399
79271,2012,2,25.653
79272,2012,3,25.783
79273,2012,4,25.675
79274,2012,5,24.891
79275,2012,6,24.578000000000007
79276,2012,7,24.171
79277,2012,8,25.349
79278,2012,9,26.728
79279,2012,10,27.12
79280,2012,11,26.683000000000003
79281,2012,12,26.575
79282,2013,1,26.239
79283,2013,2,26.217
79284,2013,3,26.233
79285,2013,4,25.464
79286,2013,5,24.906
79287,2013,6,24.788
79288,2013,7,24.202
79289,2013,8,24.736
